[
    { "text":"黑"},
    { "text":"不哟啊"},
    { "text":"gagfga a b"},
    { "text":"黑"},
    { "text":"不哟啊"},
    { "text":"gagfga a b"},
    { "text":"黑"},
    { "text":"不哟啊"},
    { "text":"gagfga a b"},
    { "text":"黑"},
    { "text":"不哟啊"},
    { "text":"gagfga a b"},
    { "text":"黑"},
    { "text":"不哟啊"},
    { "text":"gagfga a b"},
    { "text":"黑"},
    { "text":"不哟啊"},
    { "text":"gagfga a b"},
    { "text":"黑"},
    { "text":"不哟啊"},
    { "text":"gagfga a b"},
    { "text":"黑"},
    { "text":"不哟啊"},
    { "text":"gagfga a b"},
    { "text":"黑"},
    { "text":"不哟啊"},
    { "text":"gagfga a b"},
    { "text":"黑"},
    { "text":"不哟啊"},
    { "text":"gagfga a b"}
]
